Marca,Modelo,Ano,Quilometragem,Idade_Veiculo,Eficiencia_Km,Depreciacao_Estimada,Marca_Preco_Medio,Marca_Elasticidade,Marca_Volume,Idade_x_Km,Km_por_Porta,Marca_x_Idade,Intensidade_Uso,Sweet_Spot,Modelo_Raridade,Is_Premium_Brand,Is_Novo,Cluster,Distancia_Centroide,Idade_vs_Cluster,Km_vs_Cluster,Cluster_Size,Cluster_Percentage,Idade_Veiculo_ZScore_Cluster,Quilometragem_ZScore_Cluster,Is_Outlier,Outlier_Methods,Outlier_Score,Marca_Posicionamento_Intermediária,Marca_Posicionamento_Premium,Faixa_Idade_Novo,Faixa_Idade_Seminovo,Faixa_Idade_Usado,Faixa_Km_Baixa,Faixa_Km_Media,Faixa_Km_Muito_Alta,Cluster_Nome_Médio Seminovo
-0.8732342683677765,-1.1137169511994442,-1.2335818254995183,-0.29747371035357173,1.2335818254995206,-0.5628956970282131,-1.0005122626161302,-0.5498809415752223,-1.4784654845253369,0.5570125833524955,0.45610397418858306,-0.58482534434837,-0.6896004438258933,-0.5628956970282131,-0.2820706581729024,0.4572741656916831,-0.813777637044169,-0.37727302130186696,-0.9718863975002033,0.41180340358409984,0.7635885278599894,-0.3687425792478041,1.0086415689108146,0.9960378824717668,-0.2954690398276027,-1.1328378924601248,-0.22965712254620763,-0.22965712254620763,0.39179956961384543,-0.6549654254143036,-0.6488914476572247,-0.299070718186389,-0.37102079154518663,-0.5183758525299678,-0.42403041553493054,-0.5705757914845389,-0.5679580783701161,-1.009848494089057
-0.1787305356221,-0.610753078606098,0.7943682274513355,-0.5288548896974881,-0.7943682274513335,-0.2131313108311328,0.5733114679899806,-1.0861274244127175,0.5234817186249665,-1.0280133878090487,-0.7122149759462044,-0.20251436555251168,-0.09290806074869754,-0.21313131083113274,3.5452109995326926,0.04331819280697936,-0.813777637044169,-0.37727302130186696,1.3228241270556051,-1.1094191066561792,0.13725717201314197,0.4709296790229112,-0.9225176378637637,-0.7523008910178586,-1.4432321472271106,-0.49544420658738425,-0.22965712254620763,-0.22965712254620763,0.29069304594115947,-0.6549654254143036,-0.6488914476572247,-0.299070718186389,-0.37102079154518663,1.9291022047408906,-0.42403041553493054,1.7526155419215637,-0.5679580783701161,0.9902475528292576
0.16852133075073827,1.9871654732219777,-0.509313949445642,0.11578858908970423,0.509313949445644,-0.383894565091175,-0.6663367777193939,1.9855863064236718,0.22666887398980756,-1.165841733127444,0.42693440603654115,0.5205819420787612,-0.39428532874097993,-0.3838945650911749,-0.2820706581729024,2.2970784896236998,1.2288369137695085,-0.37727302130186696,-0.9718863975002033,-0.2684079685596499,-0.6830468986465663,0.15571044298764308,1.0086415689108146,0.9960378824717668,-0.28773123959400615,-1.4637767995533004,-0.22965712254620763,-0.22965712254620763,-0.757752024972039,-0.6549654254143036,1.5410898134201452,-0.299070718186389,-0.37102079154518663,-0.5183758525299678,-0.42403041553493054,-0.5705757914845389,-0.5679580783701161,-1.009848494089057
1.210276929869253,0.8176407808949608,0.9392218026621107,-0.8005078905883927,-0.9392218026621088,-0.28481594311448283,0.7930086004876741,1.3062849468768782,0.8832839036436678,-1.3381271647754378,-0.8649029384027537,-0.5072274175959859,0.46323083584364194,-0.28481594311448283,3.5452109995326926,0.04331819280697936,1.2288369137695085,-0.37727302130186696,1.3228241270556051,-1.4954264832800381,-0.15206991328816918,0.12618679415659223,-0.9225176378637637,-0.7523008910178586,-1.4776325206451528,-1.550727982583426,-0.22965712254620763,-0.22965712254620763,-0.35357718086452744,-0.6549654254143036,1.5410898134201452,-0.299070718186389,-0.37102079154518663,1.9291022047408906,-0.42403041553493054,1.7526155419215637,-0.5679580783701161,0.9902475528292576
-0.8732342683677765,-0.33502143141556945,-0.3644603742348667,-1.3532845228027908,0.36446037423486877,-0.7343541456308815,-0.5770145893138213,-0.5498809415752223,-1.4784654845253369,0.5570125833524955,-0.8618893601963744,-1.127276723688529,-0.5442740613869713,-0.7343541456308815,-0.2820706581729024,0.22729862520018101,-0.813777637044169,-0.37727302130186696,-0.9718863975002033,2.250640300092207,-0.9723739839478776,-1.708625680715809,1.0086415689108146,0.9960378824717668,0.2971274149854734,0.9617683176811034,-0.22965712254620763,-0.22965712254620763,-0.1939959734813358,-0.6549654254143036,-0.6488914476572247,-0.299070718186389,-0.37102079154518663,-0.5183758525299678,2.3583213924370545,-0.5705757914845389,-0.5679580783701161,-1.009848494089057
0.5157731971235766,1.3241919888070277,1.3737825282944367,-0.6848173009164344,-1.3737825282944345,0.2439225654059083,1.6007102750025042,0.5855098941969052,1.090217175568848,1.142783050955675,-0.9963454081150428,-0.8455152258136321,1.3994238745180927,0.24392256540590826,3.5452109995326926,0.5952594899865843,1.2288369137695085,2.650600343881656,1.3228241270556051,-0.7096042055977811,-1.0200511691921026,0.273004637157022,-0.9225176378637637,-0.7523008910178586,0.28225413269507943,-1.1013075752408161,-0.22965712254620763,-0.22965712254620763,-0.5590476492378678,-0.6549654254143036,1.5410898134201452,-0.299070718186389,2.6952667418861083,-0.5183758525299678,-0.42403041553493054,1.7526155419215637,-0.5679580783701161,0.9902475528292576
-1.2204861347406148,-1.0386390285573361,0.35980750181900967,-0.14241161500755894,-0.3598075018190076,-0.23682386599261745,0.03189284434613703,-0.2452834608306776,-1.7877719485277106,-0.1665862295690791,-0.309488794431372,0.2309588863028321,-0.2683965406084531,-0.23682386599261754,-0.2820706581729024,-1.566510590633535,-0.813777637044169,-0.37727302130186696,1.3228241270556051,-0.1600527428548658,1.0052384279170754,0.9613478555822634,-0.9225176378637637,-0.7523008910178586,0.3166545061131217,1.0057625416746707,-0.22965712254620763,-0.22965712254620763,-0.21618646829507307,1.5267981502495989,-0.6488914476572247,-0.299070718186389,-0.37102079154518663,1.9291022047408906,-0.42403041553493054,-0.5705757914845389,-0.5679580783701161,0.9902475528292576
-0.8732342683677765,-0.33502143141556945,-1.6681425511318442,0.7202641289306315,1.6681425511318464,-0.4272812626842562,-1.1340244514281457,-0.5498809415752223,-1.4784654845253369,0.5570125833524955,2.006008270693668,0.10013230862369507,-0.7361048862063482,-0.42728126268425615,-0.2820706581729024,0.22729862520018101,-0.813777637044169,-0.37727302130186696,-0.9718863975002033,-0.22164345754036938,1.631569783763923,0.9228237852016515,1.0086415689108146,0.9960378824717668,1.4591069239108363,-0.26456742918120574,-0.22965712254620763,-0.22965712254620763,-0.5080979540186052,-0.6549654254143036,-0.6488914476572247,-0.299070718186389,-0.37102079154518663,-0.5183758525299678,-0.42403041553493054,-0.5705757914845389,-0.5679580783701161,-1.009848494089057
0.16852133075073827,1.9871654732219777,-0.21960679902409144,-0.016436647864013925,0.2196067990240935,-0.36062581829652784,-0.47829830434910886,1.9855863064236718,0.22666887398980756,-1.165841733127444,0.12800239904939342,0.3722649517373966,-0.30323837741804155,-0.3606258182965278,-0.2820706581729024,2.2970784896236998,1.2288369137695085,-0.37727302130186696,-0.9718863975002033,0.1992648274032731,-1.2617010692491886,-0.012090794215931037,1.0086415689108146,0.9960378824717668,0.8819860695649533,-1.690382832736808,-0.22965712254620763,-0.22965712254620763,-1.658275070942699,-0.6549654254143036,1.5410898134201452,-0.299070718186389,-0.37102079154518663,-0.5183758525299678,-0.42403041553493054,-0.5705757914845389,-0.5679580783701161,-1.009848494089057
1.210276929869253,0.8132593045310037,0.2149539266082344,0.03444851272351752,-0.21495392660823234,-0.22558841632272342,-0.11537454762361488,1.3062849468768782,0.8832839036436678,-1.3381271647754378,-0.11891384643136624,-0.36143513705485397,-0.1785892889507998,-0.22558841632272342,-0.2820706581729024,-0.04867202338962147,1.2288369137695085,-0.37727302130186696,0.5579206188703356,0.21869920266311021,1.1936645343193955,-1.170704853647305,-1.060163215128533,-1.2164616273425377,0.7878728828661067,1.774018023354688,-0.22965712254620763,-0.22965712254620763,-1.5106320108859634,-0.6549654254143036,1.5410898134201452,-0.299070718186389,-0.37102079154518663,-0.5183758525299678,-0.42403041553493054,-0.5705757914845389,-0.5679580783701161,0.9902475528292576
-0.1787305356221,-0.7657931460162701,-0.3644603742348667,-0.6376372864213602,0.36446037423486877,-0.5500216879735768,-0.5770145893138213,-1.0861274244127175,0.5234817186249665,-1.0280133878090487,-0.28252544585925615,-0.8137621448645511,-0.5850227622058578,-0.5500216879735768,-0.2820706581729024,-0.06400372608905494,-0.813777637044169,-0.37727302130186696,-0.9718863975002033,1.0463436794470824,-0.9723739839478776,-0.8004292241788793,1.0086415689108146,0.9960378824717668,0.2971274149854734,-0.45799280611118465,-0.22965712254620763,-0.22965712254620763,0.8309266375944452,-0.6549654254143036,-0.6488914476572247,-0.299070718186389,-0.37102079154518663,-0.5183758525299678,-0.42403041553493054,1.7526155419215637,-0.5679580783701161,-1.009848494089057
0.16852133075073827,1.9871654732219777,0.9392218026621107,-1.7143458153827094,-0.9392218026621088,-0.8228303869889939,0.7930086004876741,1.9855863064236718,0.22666887398980756,-1.165841733127444,-1.160827908283505,-1.5322790173350944,0.581217721147646,-0.8228303869889939,-0.2820706581729024,2.2970784896236998,1.2288369137695085,-0.37727302130186696,1.3228241270556051,-0.07792632571523267,-0.15206991328816918,-1.0335247549912205,-0.9225176378637637,-0.7523008910178586,-1.4776325206451528,1.6842126753719726,-0.22965712254620763,-0.22965712254620763,-1.5466508981719398,-0.6549654254143036,1.5410898134201452,-0.299070718186389,-0.37102079154518663,1.9291022047408906,2.3583213924370545,-0.5705757914845389,-0.5679580783701161,0.9902475528292576
0.16852133075073827,1.9871654732219777,1.6634896787159872,-1.1403598188540118,-1.6634896787159852,0.3800290783903991,2.290679218724301,1.9855863064236718,0.22666887398980756,-1.165841733127444,-1.1335356358265378,-1.1521043314471253,4.727105683174306,0.380029078390399,-0.2820706581729024,2.2970784896236998,1.2288369137695085,2.650600343881656,1.3228241270556051,-0.13130683373928947,-1.5987053397947248,-0.30510435224499954,-0.9225176378637637,-0.7523008910178586,1.4555119015885678,-0.5455367026918109,4.354317379374105,4.354317379374105,-1.9231923855927713,-0.6549654254143036,1.5410898134201452,3.34369077007657,-0.37102079154518663,-0.5183758525299678,-0.42403041553493054,1.7526155419215637,-0.5679580783701161,0.9902475528292576
-1.2204861347406148,-1.62752807811338,1.2289289530836613,-1.7184491781112718,-1.2289289530836593,-0.8229955190249685,1.3041501657013006,-0.2452834608306776,-1.7877719485277106,-0.1665862295690791,-1.1631883109344552,-1.5368817575093647,0.702092567057025,-0.8229955190249683,-0.2820706581729024,-1.3058716447431662,-0.813777637044169,-0.37727302130186696,1.3228241270556051,0.050577901013600636,-0.7307240838907915,-1.0387321522960846,-0.9225176378637637,-0.7523008910178586,-0.30437475175166456,1.7001529083172284,-0.22965712254620763,-0.22965712254620763,-1.1940869070547842,1.5267981502495989,-0.6488914476572247,-0.299070718186389,2.6952667418861083,-0.5183758525299678,2.3583213924370545,-0.5705757914845389,-0.5679580783701161,0.9902475528292576
-0.5259824019949383,-0.09636281875617034,0.5046610770297849,-1.3850899123908464,-0.5046610770297829,-0.6895504859536212,0.19464848313195388,0.5833200081880077,1.3938439475519324,0.6948409286708906,-0.9986833841374804,-1.1629528152502793,-0.08677917911716318,-0.6895504859536211,-0.2820706581729024,0.2886254359979149,1.2288369137695085,-0.37727302130186696,1.3228241270556051,-0.4785271044166907,0.7159113426157643,-0.6156805585920625,-0.9225176378637637,-0.7523008910178586,-0.26997437833362253,0.40516031284063325,-0.22965712254620763,-0.22965712254620763,1.234480740854497,1.5267981502495989,-0.6488914476572247,-0.299070718186389,-0.37102079154518663,1.9291022047408906,2.3583213924370545,-0.5705757914845389,-0.5679580783701161,0.9902475528292576
1.210276929869253,0.8176407808949608,-0.6541675246564173,-1.0877605953545493,0.6541675246564194,-0.6842854016214238,-0.7471588360496139,1.3062849468768782,0.8832839036436678,-1.3381271647754378,-0.5778206012559456,-1.116704015878939,-0.4781053471882059,-0.6842854016214237,-0.2820706581729024,0.04331819280697936,1.2288369137695085,-0.37727302130186696,-0.9718863975002033,1.707772995444358,-0.3937198133452552,-1.371660933595996,1.0086415689108146,0.9960378824717668,-0.8725898941734859,0.43499963827725835,-0.22965712254620763,-0.22965712254620763,0.12723197813052492,-0.6549654254143036,1.5410898134201452,-0.299070718186389,-0.37102079154518663,-0.5183758525299678,-0.42403041553493054,1.7526155419215637,-0.5679580783701161,-1.009848494089057
-1.5677380011134532,0.11035608163569983,-1.523288975921069,0.6941030273151977,1.523288975921071,-0.41495723118832284,-1.0938894050391865,-0.4571373949611871,-0.10461852581035876,-0.5456141791946658,1.8413977518541134,0.08252537089376426,-0.7171968845904808,-0.4149572311883228,-0.2820706581729024,-0.8612522664595954,-0.813777637044169,-0.37727302130186696,-0.9718863975002033,-0.4652236582715708,1.342242698462612,0.8896238808655771,1.0086415689108146,0.9960378824717668,0.8742482693313568,-0.31646802089868176,-0.22965712254620763,-0.22965712254620763,0.6641190673888605,1.5267981502495989,-0.6488914476572247,-0.299070718186389,-0.37102079154518663,-0.5183758525299678,-0.42403041553493054,-0.5705757914845389,-0.5679580783701161,-1.009848494089057
0.16852133075073827,1.9871654732219777,1.5186361035052118,-1.174312115523678,-1.5186361035052098,-0.07024622970324665,1.9284598832635298,1.9855863064236718,0.22666887398980756,-1.165841733127444,-1.1054845957715613,-1.1749548972236934,2.7923579675618644,-0.07024622970324663,-0.2820706581729024,2.2970784896236998,1.2288369137695085,2.650600343881656,1.3228241270556051,-0.3367406573543392,-1.3093782544934136,-0.34819171981815766,-0.9225176378637637,-0.7523008910178586,0.8688830171418234,-0.41364304528402,-0.22965712254620763,-0.22965712254620763,-1.6340988316436202,-0.6549654254143036,1.5410898134201452,3.34369077007657,-0.37102079154518663,-0.5183758525299678,-0.42403041553493054,1.7526155419215637,-0.5679580783701161,0.9902475528292576
-0.5259824019949383,0.9530639476479555,-0.7990210998671926,-1.7131165379408195,0.7990210998671946,-0.8276432508445064,-0.8202896586294814,0.5833200081880077,1.3938439475519324,0.6948409286708906,-1.1507863853669928,-1.5309001373672748,-0.5558962612704629,-0.8276432508445063,-0.2820706581729024,0.27329373329848144,1.2288369137695085,-0.37727302130186696,-0.9718863975002033,2.782152724107434,-0.10439272804394405,-2.1652726772853885,1.0086415689108146,0.9960378824717668,-1.4574485487529656,1.675633306208106,4.354317379374105,4.354317379374105,-2.4976815026403774,1.5267981502495989,-0.6488914476572247,-0.299070718186389,-0.37102079154518663,-0.5183758525299678,2.3583213924370545,-0.5705757914845389,-0.5679580783701161,-1.009848494089057
-1.5677380011134532,0.11035608163569983,0.9392218026621107,-1.7229853850095138,-0.9392218026621088,-0.827916861430429,0.7930086004876741,-0.4571373949611871,-0.10461852581035876,-0.5456141791946658,-1.1636256301904506,-1.5442228367746569,0.15694452172853832,-0.827916861430429,-0.2820706581729024,-0.8612522664595954,-0.813777637044169,-0.37727302130186696,1.3228241270556051,-0.06288549665681827,-0.15206991328816918,-1.0444888531141199,-0.9225176378637637,-0.7523008910178586,-1.4776325206451528,1.7177746004339245,-0.22965712254620763,-0.22965712254620763,-0.040845579467876675,1.5267981502495989,-0.6488914476572247,-0.299070718186389,-0.37102079154518663,1.9291022047408906,2.3583213924370545,-0.5705757914845389,-0.5679580783701161,0.9902475528292576
1.210276929869253,0.8132593045310037,-0.7990210998671926,-0.9936083315658469,0.7990210998671946,-0.6715784550909992,-0.8202896586294814,1.3062849468768782,0.8832839036436678,-1.3381271647754378,-0.45179883454372033,-1.0533376840620206,-0.5096333533184592,-0.6715784550909991,-0.2820706581729024,-0.04867202338962147,1.2288369137695085,-0.37727302130186696,-0.9718863975002033,1.525275827546055,-0.10439272804394405,-1.2521764334109708,1.0086415689108146,0.9960378824717668,-1.4574485487529656,0.24821246570304673,-0.22965712254620763,-0.22965712254620763,-0.6188336723112933,-0.6549654254143036,1.5410898134201452,-0.299070718186389,-0.37102079154518663,-0.5183758525299678,-0.42403041553493054,1.7526155419215637,-0.5679580783701161,-1.009848494089057
1.5575287962420914,-0.4277777519172382,0.35980750181900967,-0.34498268641760244,-0.3598075018190076,-0.31271788252632615,0.03189284434613703,-1.135429227007713,-0.49087303017412964,1.7974676912180518,-0.4188186084302476,0.0037350042818857583,-0.3667835450843604,-0.31271788252632615,-0.2820706581729024,-1.0758961042516642,-0.813777637044169,-0.37727302130186696,1.3228241270556051,-0.4271628449557901,1.0052384279170754,0.7042738114180869,-0.9225176378637637,-0.7523008910178586,0.3166545061131217,0.21883964944052905,-0.22965712254620763,-0.22965712254620763,-0.0905878972188053,-0.6549654254143036,-0.6488914476572247,-0.299070718186389,-0.37102079154518663,1.9291022047408906,-0.42403041553493054,1.7526155419215637,-0.5679580783701161,0.9902475528292576
0.5157731971235766,0.09097738504666172,-0.6541675246564173,0.6429754739926457,0.6541675246564194,-0.28802457862830727,-0.7471588360496139,0.5855098941969052,1.090217175568848,1.142783050955675,1.0101444871635685,1.11192723982712,-0.5267904996227714,-0.2880245786283072,-0.2820706581729024,0.5186009764894169,1.2288369137695085,-0.37727302130186696,-0.9718863975002033,-1.1654868140606667,-0.3937198133452552,0.8247401498897811,1.0086415689108146,0.9960378824717668,-0.8725898941734859,-0.41789915745838135,-0.22965712254620763,-0.22965712254620763,0.7198507818913686,-0.6549654254143036,1.5410898134201452,-0.299070718186389,-0.37102079154518663,-0.5183758525299678,-0.42403041553493054,-0.5705757914845389,-0.5679580783701161,-1.009848494089057
-0.5259824019949383,0.9530639476479555,0.2149539266082344,-1.1497785079862395,-0.21495392660823234,-0.6322906127016312,-0.11537454762361488,0.5833200081880077,1.3938439475519324,0.6948409286708906,-0.8219680925582551,-1.158443295130171,-0.25183889320813896,-0.6322906127016312,-0.2820706581729024,0.27329373329848144,1.2288369137695085,-0.37727302130186696,1.3228241270556051,-0.37549934144859975,1.2945655132183866,-0.3170571966916074,-0.9225176378637637,-0.7523008910178586,0.9032833905598656,-0.5089481511212661,-0.22965712254620763,-0.22965712254620763,-0.4208837629067056,1.5267981502495989,-0.6488914476572247,-0.299070718186389,-0.37102079154518663,-0.5183758525299678,-0.42403041553493054,1.7526155419215637,-0.5679580783701161,0.9902475528292576
0.8630250634964148,-1.1564019916480004,-1.6681425511318442,0.09532371674725368,1.6681425511318464,-0.53030122779409,-1.1340244514281457,-0.8789202740611846,-0.2247978752861946,-0.23550040222827667,1.1965191145317373,0.49762650374126044,-0.752106990607199,-0.53030122779409,-0.2820706581729024,-0.09466713148792189,-0.813777637044169,-0.37727302130186696,-0.9718863975002033,0.2495796311734251,1.631569783763923,0.12973937288490317,1.0086415689108146,0.9960378824717668,1.4591069239108363,-1.504376732981531,-0.22965712254620763,-0.22965712254620763,-0.4387519277540837,-0.6549654254143036,-0.6488914476572247,-0.299070718186389,-0.37102079154518663,-0.5183758525299678,-0.42403041553493054,-0.5705757914845389,-0.5679580783701161,-1.009848494089057
1.5575287962420914,-0.8315647851088941,0.07010035139745913,-1.4477657481604496,-0.07010035139745706,-0.7420325206690201,-0.24862759433441503,-1.135429227007713,-0.49087303017412964,1.7974676912180518,-0.9837528562052237,-1.3589945891538895,-0.47606876332723075,-0.7420325206690201,-0.2820706581729024,-1.0452326988527971,-0.813777637044169,-0.37727302130186696,1.3228241270556051,0.12027285858082178,1.5838925985196979,-0.6952197072992693,-0.9225176378637637,-0.7523008910178586,1.4899122750066096,0.6486356008652137,-0.22965712254620763,-0.22965712254620763,-0.40096291305616266,-0.6549654254143036,-0.6488914476572247,-0.299070718186389,-0.37102079154518663,-0.5183758525299678,2.3583213924370545,-0.5705757914845389,-0.5679580783701161,0.9902475528292576
0.5157731971235766,-0.1443492316636703,-1.3784354007102937,0.26588163336779547,1.3784354007102957,-0.47360360859019235,-1.0495333189744915,0.5855098941969052,1.090217175568848,1.142783050955675,1.2022192159453537,0.6889412440650506,-0.6464311439793466,-0.47360360859019235,-0.2820706581729024,-0.17132564498508923,1.2288369137695085,-0.37727302130186696,-0.9718863975002033,-0.3214246394049334,1.0529156131613007,0.34618692921492916,1.0086415689108146,0.9960378824717668,0.28938961475187724,-1.166009605907504,-0.22965712254620763,-0.22965712254620763,0.15876675835183643,-0.6549654254143036,1.5410898134201452,-0.299070718186389,-0.37102079154518663,-0.5183758525299678,-0.42403041553493054,-0.5705757914845389,-0.5679580783701161,-1.009848494089057
-1.2204861347406148,-1.62752807811338,1.2289289530836613,0.9052097857513225,-1.2289289530836593,1.339524696085679,1.3041501657013006,-0.2452834608306776,-1.7877719485277106,-0.1665862295690791,-0.5967813812204856,0.22460438594409232,0.702092567057025,1.3395246960856788,-0.2820706581729024,-1.3058716447431662,-0.813777637044169,-0.37727302130186696,0.5579206188703356,-0.9533664358109614,-0.8316250627897827,-0.065659990130302,-1.060163215128533,-1.2164616273425377,-0.2185370296190487,-1.6722275424048259,-0.22965712254620763,-0.22965712254620763,0.7807626149608579,1.5267981502495989,-0.6488914476572247,-0.299070718186389,2.6952667418861083,-0.5183758525299678,-0.42403041553493054,-0.5705757914845389,1.7606933294614382,0.9902475528292576
-0.8732342683677765,-1.1137169511994442,-0.9438746750779679,-0.5226911887212509,0.9438746750779698,-0.582506191967077,-0.8864611633114949,-0.5498809415752223,-1.4784654845253369,0.5570125833524955,0.07073974091391398,-0.7364011524164966,-0.6508467418421807,-0.582506191967077,-0.2820706581729024,0.4572741656916831,-0.813777637044169,-0.37727302130186696,-0.9718863975002033,0.7046134725395118,0.1849343572573671,-0.6545561832211041,1.0086415689108146,0.9960378824717668,-1.465186348986562,-0.6860325337169573,-0.22965712254620763,-0.22965712254620763,1.0075949655902732,-0.6549654254143036,-0.6488914476572247,-0.299070718186389,-0.37102079154518663,-0.5183758525299678,-0.42403041553493054,1.7526155419215637,-0.5679580783701161,-1.009848494089057
-0.1787305356221,-0.7657931460162701,0.9392218026621107,-0.3687371744496178,-0.9392218026621088,-0.030614541069380365,0.7930086004876741,-1.0861274244127175,0.5234817186249665,-1.0280133878090487,-0.7250841229410122,-0.6327870622149451,0.04769613966763392,-0.030614541069380326,3.5452109995326926,-0.06400372608905494,-0.813777637044169,-0.37727302130186696,1.3228241270556051,-0.8306733388776645,-0.15206991328816918,0.674128034615245,-0.9225176378637637,-0.7523008910178586,-1.4776325206451528,0.12656117011187587,-0.22965712254620763,-0.22965712254620763,0.45105491859112706,-0.6549654254143036,-0.6488914476572247,-0.299070718186389,-0.37102079154518663,1.9291022047408906,-0.42403041553493054,1.7526155419215637,-0.5679580783701161,0.9902475528292576
0.8630250634964148,-1.1564019916480004,0.35980750181900967,-0.5628591276675159,-0.3598075018190076,-0.39434611364258176,0.03189284434613703,-0.8789202740611846,-0.2247978752861946,-0.23550040222827667,-0.5364088972645937,-0.763434968123604,-0.33843184308161095,-0.3943461136425817,-0.2820706581729024,-0.09466713148792189,-0.813777637044169,-0.37727302130186696,1.3228241270556051,-0.6514318357518273,1.0052384279170754,0.4277763950281725,-0.9225176378637637,-0.7523008910178586,0.3166545061131217,-0.6275396390957481,-0.22965712254620763,-0.22965712254620763,0.8882957935402688,-0.6549654254143036,-0.6488914476572247,-0.299070718186389,-0.37102079154518663,1.9291022047408906,-0.42403041553493054,1.7526155419215637,-0.5679580783701161,0.9902475528292576
-1.2204861347406148,-1.62752807811338,-1.2335818254995183,0.7365390697105837,1.2335818254995206,-0.36919730149718105,-1.0005122626161302,-0.2452834608306776,-1.7877719485277106,-0.1665862295690791,1.6280466937138631,0.1110856649877817,-0.6727670021357356,-0.369197301497181,-0.2820706581729024,-1.3058716447431662,-0.813777637044169,-0.37727302130186696,-0.9718863975002033,-0.976311087136074,0.7635885278599894,0.9434775972968931,1.0086415689108146,0.9960378824717668,-0.2954690398276027,-0.2322798340690766,-0.22965712254620763,-0.22965712254620763,0.9255072303489368,1.5267981502495989,-0.6488914476572247,-0.299070718186389,-0.37102079154518663,-0.5183758525299678,-0.42403041553493054,-0.5705757914845389,-0.5679580783701161,-1.009848494089057
1.210276929869253,1.4112562891155431,1.2289289530836613,-1.3245263561692795,-1.2289289530836593,-0.498309240291219,1.3041501657013006,1.3062849468768782,0.8832839036436678,-1.3381271647754378,-1.0781465356147144,-1.0950187007794014,1.0793781556463058,-0.498309240291219,-0.2820706581729024,-0.15599394228565577,1.2288369137695085,-0.37727302130186696,1.3228241270556051,-0.5537902760182382,-0.7307240838907915,-0.5388220110291317,-0.9225176378637637,-0.7523008910178586,-0.30437475175166456,0.1698905455726819,-0.22965712254620763,-0.22965712254620763,-0.6928741920967648,-0.6549654254143036,1.5410898134201452,-0.299070718186389,2.6952667418861083,-0.5183758525299678,2.3583213924370545,-0.5705757914845389,-0.5679580783701161,0.9902475528292576
-1.2204861347406148,0.5851942894967763,-1.3784354007102937,-0.06309724935547267,1.3784354007102957,-0.5325507817218422,-1.0495333189744915,-0.2452834608306776,-1.7877719485277106,-0.1665862295690791,0.8116015449416105,-0.42708536019875193,-0.6903483265499654,-0.5325507817218422,-0.2820706581729024,-0.9839058880550632,-0.813777637044169,-0.37727302130186696,-0.9718863975002033,0.14195392110142072,1.0529156131613007,-0.07130571293579907,1.0086415689108146,0.9960378824717668,0.28938961475187724,-1.5978136105802245,-0.22965712254620763,-0.22965712254620763,0.8054832486072965,1.5267981502495989,-0.6488914476572247,-0.299070718186389,-0.37102079154518663,-0.5183758525299678,-0.42403041553493054,-0.5705757914845389,-0.5679580783701161,-1.009848494089057
-0.8732342683677765,0.23292487685564336,-1.2335818254995183,1.367175711166945,1.2335818254995206,-0.25106210242778765,-1.0005122626161302,-0.5498809415752223,-1.4784654845253369,0.5570125833524955,2.342805771038614,0.5355165715893688,-0.6896004438258933,-0.25106210242778765,-0.2820706581729024,-0.0026769152913210547,-0.813777637044169,-0.37727302130186696,-0.9718863975002033,-0.47789598210870965,0.7635885278599894,1.743790843846976,1.0086415689108146,0.9960378824717668,-0.2954690398276027,1.0188301280204939,-0.22965712254620763,-0.22965712254620763,-0.5897445262932355,-0.6549654254143036,-0.6488914476572247,-0.299070718186389,-0.37102079154518663,-0.5183758525299678,-0.42403041553493054,-0.5705757914845389,1.7606933294614382,-1.009848494089057
1.210276929869253,0.8132593045310037,-1.0887282502887432,-1.473407436772268,1.0887282502887452,-0.7809085956340006,-0.9463356167555222,1.3062849468768782,0.8832839036436678,-1.3381271647754378,-0.8904319171929185,-1.3762519516807112,-0.5636813638274648,-0.7809085956340005,-0.2820706581729024,-0.04867202338962147,1.2288369137695085,-0.37727302130186696,-0.9718863975002033,2.3812653563203137,0.47426144255867825,-1.8610683916911128,1.0086415689108146,0.9960378824717668,-0.8803276944070824,1.200078248412968,-0.22965712254620763,-0.22965712254620763,-0.47047850904447885,-0.6549654254143036,1.5410898134201452,-0.299070718186389,-0.37102079154518663,-0.5183758525299678,2.3583213924370545,-0.5705757914845389,-0.5679580783701161,-1.009848494089057
0.8630250634964148,0.2277412174857899,0.7943682274513355,1.170335496563459,-0.7943682274513335,0.66220481569645,0.5733114679899806,-0.8789202740611846,-0.2247978752861946,-0.23550040222827667,-0.07026488253043069,0.40303922211777177,-0.06141723536358318,0.66220481569645,-0.2820706581729024,-0.04867202338962147,-0.813777637044169,-0.37727302130186696,0.5579206188703356,-1.155014463887043,0.036356193114150816,0.2707993977573934,-1.060163215128533,-1.2164616273425377,-1.5417439203145022,-0.600999674921835,-0.22965712254620763,-0.22965712254620763,2.189527983468241,-0.6549654254143036,-0.6488914476572247,-0.299070718186389,-0.37102079154518663,1.9291022047408906,-0.42403041553493054,-0.5705757914845389,1.7606933294614382,0.9902475528292576
-0.8732342683677765,-0.33502143141556945,-0.3644603742348667,1.5755988357510562,0.36446037423486877,0.020051433301667178,-0.5770145893138213,-0.5498809415752223,-1.4784654845253369,0.5570125833524955,1.5092360225112902,2.158050455975863,-0.5442740613869713,0.020051433301667212,-0.2820706581729024,0.22729862520018101,-0.813777637044169,-0.37727302130186696,-0.9718863975002033,-0.051178918981713915,-0.9723739839478776,2.008291471509229,1.0086415689108146,0.9960378824717668,0.2971274149854734,1.432317436488379,-0.22965712254620763,-0.22965712254620763,-1.0208945917229126,-0.6549654254143036,-0.6488914476572247,-0.299070718186389,-0.37102079154518663,-0.5183758525299678,-0.42403041553493054,-0.5705757914845389,1.7606933294614382,-1.009848494089057
-1.5677380011134532,0.11035608163569983,-0.6541675246564173,-0.8104459927242358,0.6541675246564194,-0.620792813344954,-0.7471588360496139,-0.4571373949611871,-0.10461852581035876,-0.5456141791946658,-0.3233820907949214,-0.9300658149389647,-0.5972166915663017,-0.620792813344954,-0.2820706581729024,-0.8612522664595954,-0.813777637044169,-0.37727302130186696,-0.9718863975002033,1.226499733500783,-0.3937198133452552,-1.0197331587773961,1.0086415689108146,0.9960378824717668,-0.8725898941734859,-0.1151603733301612,-0.22965712254620763,-0.22965712254620763,0.40702628436879124,1.5267981502495989,-0.6488914476572247,-0.299070718186389,-0.37102079154518663,-0.5183758525299678,-0.42403041553493054,1.7526155419215637,-0.5679580783701161,-1.009848494089057
-0.1787305356221,-0.7657931460162701,-0.07475322381331616,-1.5443592530661447,0.07475322381331821,-0.7768125736305604,-0.36919993706564,-1.0861274244127175,0.5234817186249665,-1.0280133878090487,-1.036400301081383,-1.4240039244254208,-0.5147206619976921,-0.7768125736305604,-0.2820706581729024,-0.06400372608905494,-0.813777637044169,-0.37727302130186696,-0.9718863975002033,2.7096514239862035,-1.5510281545504996,-1.9511102235701552,1.0086415689108146,0.9960378824717668,1.466844724144433,1.3408384236996764,-0.22965712254620763,-0.22965712254620763,-1.4313811838296329,-0.6549654254143036,-0.6488914476572247,-0.299070718186389,-0.37102079154518663,-0.5183758525299678,2.3583213924370545,-0.5705757914845389,-0.5679580783701161,-1.009848494089057
0.8630250634964148,-1.1564019916480004,1.3737825282944367,1.4582114969339541,-1.3737825282944345,2.451880593081968,1.6007102750025042,-0.8789202740611846,-0.2247978752861946,-0.23550040222827667,-0.6493606117682525,2.0263771294714172,0.9543029929358517,2.451880593081968,-0.2820706581729024,-0.09466713148792189,-0.813777637044169,2.650600343881656,0.5579206188703356,-0.28099816796278493,-1.1209521480910938,0.6361301782973734,-1.060163215128533,-1.2164616273425377,0.36386717117610345,0.5621496591498486,-0.22965712254620763,-0.22965712254620763,0.1429332810056108,-0.6549654254143036,-0.6488914476572247,-0.299070718186389,2.6952667418861083,-0.5183758525299678,-0.42403041553493054,-0.5705757914845389,1.7606933294614382,0.9902475528292576
-1.5677380011134532,0.11035608163569983,-1.3784354007102937,-1.2084894911615778,1.3784354007102957,-0.7377847293311417,-1.0495333189744915,-0.4571373949611871,-0.10461852581035876,-0.5456141791946658,-0.548395930204573,-0.9648602001550953,-0.7015472941960227,-0.7377847293311417,-0.2820706581729024,-0.8612522664595954,-0.813777637044169,-0.37727302130186696,-0.9718863975002033,2.011819497985755,1.0529156131613007,-1.5248726694897397,1.0086415689108146,0.9960378824717668,0.28938961475187724,0.6745117666994684,-0.22965712254620763,-0.22965712254620763,-0.6218954419605305,1.5267981502495989,-0.6488914476572247,-0.299070718186389,-0.37102079154518663,-0.5183758525299678,-0.42403041553493054,1.7526155419215637,-0.5679580783701161,-1.009848494089057
0.5157731971235766,-0.1443492316636703,0.7943682274513355,-0.3679407411774074,-0.7943682274513335,-0.13023655777229548,0.5733114679899806,0.5855098941969052,1.090217175568848,1.142783050955675,-0.6514219927057014,-0.6322510469035111,0.16114320542753732,-0.1302365577722955,3.5452109995326926,-0.17132564498508923,1.2288369137695085,-0.37727302130186696,1.3228241270556051,-0.8326615904357966,0.13725717201314197,0.6751387530794802,-0.9225176378637637,-0.7523008910178586,-1.4432321472271106,0.12965505498732635,-0.22965712254620763,-0.22965712254620763,-0.29597524492418115,-0.6549654254143036,1.5410898134201452,-0.299070718186389,-0.37102079154518663,1.9291022047408906,-0.42403041553493054,1.7526155419215637,-0.5679580783701161,0.9902475528292576
0.8630250634964148,0.2277412174857899,1.5186361035052118,0.28378406822574287,-1.5186361035052098,1.93278497999564,1.9284598832635298,-0.8789202740611846,-0.2247978752861946,-0.23550040222827667,-0.9480945168702057,-0.1936273870556925,1.6314498118021417,1.9327849799956396,-0.2820706581729024,-0.04867202338962147,-0.813777637044169,2.650600343881656,0.5579206188703356,-0.036668478874346454,-1.4102792333924048,-0.8542840579200993,-1.060163215128533,-1.2164616273425377,0.9462713719712558,0.7665895299423879,-0.22965712254620763,-0.22965712254620763,0.8232993923276422,-0.6549654254143036,-0.6488914476572247,3.34369077007657,-0.37102079154518663,-0.5183758525299678,-0.42403041553493054,-0.5705757914845389,-0.5679580783701161,0.9902475528292576
0.5157731971235766,-0.1443492316636703,-0.6541675246564173,0.8961719994884129,0.6541675246564194,-0.23005394673999519,-0.7471588360496139,0.5855098941969052,1.090217175568848,1.142783050955675,1.2424544563826494,1.3959376715086855,-0.5267904996227714,-0.23005394673999516,-0.2820706581729024,-0.17132564498508923,1.2288369137695085,-0.37727302130186696,-0.9718863975002033,-1.2483698491150337,-0.3937198133452552,1.146060732954475,1.0086415689108146,0.9960378824717668,-0.8725898941734859,0.08441338607329771,-0.22965712254620763,-0.22965712254620763,0.5805728799920005,-0.6549654254143036,1.5410898134201452,-0.299070718186389,-0.37102079154518663,-0.5183758525299678,-0.42403041553493054,-0.5705757914845389,1.7606933294614382,-1.009848494089057
1.210276929869253,1.4112562891155431,-1.6681425511318442,0.90903612821129,1.6681425511318464,-0.39616264017165015,-1.1340244514281457,1.3062849468768782,0.8832839036436678,-1.3381271647754378,2.250525801366435,0.22717958994032975,-0.6458343398011533,-0.3961626401716501,-0.2820706581729024,-0.15599394228565577,1.2288369137695085,-0.37727302130186696,-0.9718863975002033,-0.22214538044481674,1.631569783763923,1.1623860333659266,1.0086415689108146,0.9960378824717668,1.4591069239108363,0.10993432561405511,-0.22965712254620763,-0.22965712254620763,-0.7499197155007452,-0.6549654254143036,1.5410898134201452,-0.299070718186389,-0.37102079154518663,-0.5183758525299678,-0.42403041553493054,-0.5705757914845389,1.7606933294614382,-1.009848494089057
-1.5677380011134532,-2.0848243631093695,0.2149539266082344,-1.0187825484744113,-0.21495392660823234,-0.5873023262341495,-0.11537454762361488,-0.4571373949611871,-0.10461852581035876,-0.5456141791946658,-0.7441981515337216,-1.0702804289060441,-0.3572563055179435,-0.5873023262341496,-0.2820706581729024,-1.2905399420437327,-0.813777637044169,-0.37727302130186696,1.3228241270556051,-0.46060934319503305,1.2945655132183866,-0.1508159814654398,-0.9225176378637637,-0.7523008910178586,0.9032833905598656,-1.0178249547660112,-0.22965712254620763,-0.22965712254620763,0.4901340497814937,1.5267981502495989,-0.6488914476572247,-0.299070718186389,-0.37102079154518663,-0.5183758525299678,-0.42403041553493054,1.7526155419215637,-0.5679580783701161,0.9902475528292576
-0.1787305356221,-1.1438360998383015,1.3737825282944367,1.0701234143992426,-1.3737825282944345,2.0520342643077396,1.6007102750025042,-1.0861274244127175,0.5234817186249665,-1.0280133878090487,-0.7121972215319653,0.33559451293124687,0.8913213421656231,2.0520342643077396,-0.2820706581729024,-0.0026769152913210547,-0.813777637044169,2.650600343881656,0.5579206188703356,-0.6526307653144877,-1.1209521480910938,0.14362464838797,-1.060163215128533,-1.2164616273425377,0.36386717117610345,-1.0059018428178417,-0.22965712254620763,-0.22965712254620763,1.1196155398486787,-0.6549654254143036,-0.6488914476572247,-0.299070718186389,2.6952667418861083,-0.5183758525299678,-0.42403041553493054,-0.5705757914845389,1.7606933294614382,0.9902475528292576
-0.8732342683677765,-1.1137169511994442,1.5186361035052118,-1.6683258232623766,-1.5186361035052098,-0.7488879308804378,1.9284598832635298,-0.5498809415752223,-1.4784654845253369,0.5570125833524955,-1.158809511717372,-1.4806584123426434,1.7648006818092314,-0.7488879308804377,-0.2820706581729024,0.4572741656916831,-0.813777637044169,2.650600343881656,1.3228241270556051,0.23094813493228092,-1.3093782544934136,-0.975122805470846,-0.9225176378637637,-0.7523008910178586,0.8688830171418234,1.5054399362644215,-0.22965712254620763,-0.22965712254620763,-0.955441002291127,-0.6549654254143036,-0.6488914476572247,3.34369077007657,-0.37102079154518663,-0.5183758525299678,2.3583213924370545,-0.5705757914845389,-0.5679580783701161,0.9902475528292576
0.16852133075073827,1.9871654732219777,0.07010035139745913,-1.2578337265050499,-0.07010035139745706,-0.6818212716544073,-0.24862759433441503,1.9855863064236718,0.22666887398980756,-1.165841733127444,-0.8607427988136682,-1.0202096073140439,-0.18417697953419906,-0.6818212716544072,-0.2820706581729024,2.2970784896236998,1.2288369137695085,-0.37727302130186696,1.3228241270556051,-0.06350748077392293,1.5838925985196979,-0.4541853257196951,-0.9225176378637637,-0.7523008910178586,1.4899122750066096,-0.08918868356286622,-0.22965712254620763,-0.22965712254620763,-0.18144152316793657,-0.6549654254143036,1.5410898134201452,-0.299070718186389,-0.37102079154518663,-0.5183758525299678,2.3583213924370545,-0.5705757914845389,-0.5679580783701161,0.9902475528292576
-1.2204861347406148,1.012827135395879,-0.07475322381331616,1.1743176629245111,0.07475322381331821,0.023486587383357734,-0.36919993706564,-0.2452834608306776,-1.7877719485277106,-0.1665862295690791,0.8710891115141098,0.4057192986749419,-0.4416981669772885,0.02348658738335775,-0.2820706581729024,-0.7539303475635611,-0.813777637044169,-0.37727302130186696,-0.9718863975002033,-0.12606746411874323,-1.5510281545504996,1.4990431705183638,1.0086415689108146,0.9960378824717668,1.466844724144433,0.6362221259417622,-0.22965712254620763,-0.22965712254620763,-1.4984243316043089,1.5267981502495989,-0.6488914476572247,-0.299070718186389,-0.37102079154518663,-0.5183758525299678,-0.42403041553493054,-0.5705757914845389,1.7606933294614382,-1.009848494089057
1.5575287962420914,-0.6340752290232835,-1.3784354007102937,0.9129836670387678,1.3784354007102957,-0.35765441666369296,-1.0495333189744915,-1.135429227007713,-0.49087303017412964,1.7974676912180518,1.9705648532152291,1.4147953116319623,-0.7374029808645296,-0.35765441666369296,-0.2820706581729024,-0.8765839691590289,-0.813777637044169,-0.37727302130186696,-0.9718863975002033,-0.7219923997859322,1.0529156131613007,1.1673956814060489,1.0086415689108146,0.9960378824717668,0.28938961475187724,0.11776578485401855,-0.22965712254620763,-0.22965712254620763,0.27964617825055305,-0.6549654254143036,-0.6488914476572247,-0.299070718186389,-0.37102079154518663,-0.5183758525299678,-0.42403041553493054,-0.5705757914845389,1.7606933294614382,-1.009848494089057
-0.1787305356221,-0.7657931460162701,0.7943682274513355,-0.9987505203016404,-0.7943682274513335,-0.4551975468992246,0.5733114679899806,-1.0861274244127175,0.5234817186249665,-1.0280133878090487,-0.889740429480447,-0.7295960884626386,-0.09290806074869754,-0.4551975468992246,3.5452109995326926,-0.06400372608905494,-0.813777637044169,-0.37727302130186696,1.3228241270556051,-1.3132746766548153,0.13725717201314197,-0.12539421487587124,-0.9225176378637637,-0.7523008910178586,-1.4432321472271106,-1.0956428852202764,-0.22965712254620763,-0.22965712254620763,0.5078792398752842,-0.6549654254143036,-0.6488914476572247,-0.299070718186389,-0.37102079154518663,1.9291022047408906,-0.42403041553493054,1.7526155419215637,-0.5679580783701161,0.9902475528292576
-1.5677380011134532,0.11035608163569983,1.2289289530836613,-0.2952402344380251,-1.2289289530836593,0.35006780719659153,1.3041501657013006,-0.4571373949611871,-0.10461852581035876,-0.5456141791946658,-0.8559397625405553,0.0595310908670291,0.650577315885161,0.35006780719659164,3.5452109995326926,-0.8612522664595954,-0.813777637044169,-0.37727302130186696,1.3228241270556051,-0.5121053401790824,-0.7307240838907915,0.7673997711517346,-0.9225176378637637,-0.7523008910178586,-0.30437475175166456,0.4120729374224681,-0.22965712254620763,-0.22965712254620763,0.056935078076326855,1.5267981502495989,-0.6488914476572247,-0.299070718186389,2.6952667418861083,-0.5183758525299678,-0.42403041553493054,-0.5705757914845389,-0.5679580783701161,0.9902475528292576
0.16852133075073827,1.100515116635426,0.07010035139745913,-1.5515790938164,-0.07010035139745706,-0.7749428806591404,-0.24862759433441503,1.9855863064236718,0.22666887398980756,-1.165841733127444,-1.050987888485968,-1.428863019748638,-0.18417697953419906,-0.7749428806591403,-0.2820706581729024,2.5883808409129356,1.2288369137695085,-0.37727302130186696,1.3228241270556051,0.2380077983478025,1.5838925985196979,-0.8269646618982781,-0.9225176378637637,-0.7523008910178586,1.4899122750066096,1.051916768543497,-0.22965712254620763,-0.22965712254620763,-0.9748570764870941,-0.6549654254143036,1.5410898134201452,-0.299070718186389,-0.37102079154518663,-0.5183758525299678,2.3583213924370545,-0.5705757914845389,-0.5679580783701161,0.9902475528292576
-0.1787305356221,-0.610753078606098,0.35980750181900967,-0.6304174456711048,-0.3598075018190076,-0.41965709248997757,0.03189284434613703,-1.0861274244127175,0.5234817186249665,-1.0280133878090487,-0.572870857454646,-0.3164370400768598,-0.3613342615435122,-0.41965709248997757,-0.2820706581729024,0.04331819280697936,-0.813777637044169,-0.37727302130186696,1.3228241270556051,-0.7002569055690071,1.0052384279170754,0.3420411026923932,-0.9225176378637637,-0.7523008910178586,0.3166545061131217,-0.8899817865741771,-0.22965712254620763,-0.22965712254620763,1.221118032144643,-0.6549654254143036,-0.6488914476572247,-0.299070718186389,-0.37102079154518663,1.9291022047408906,-0.42403041553493054,1.7526155419215637,-0.5679580783701161,0.9902475528292576
-1.5677380011134532,-2.0848243631093695,-0.3644603742348667,-1.6356374315681745,0.36446037423486877,-0.8070810464746259,-0.5770145893138213,-0.4571373949611871,-0.10461852581035876,-0.5456141791946658,-1.0904727713109466,-1.4439918577054174,-0.5372265950542122,-0.8070810464746259,-0.2820706581729024,-1.2905399420437327,-0.813777637044169,-0.37727302130186696,-0.9718863975002033,2.7329581620872507,-0.9723739839478776,-2.0669473484277225,1.0086415689108146,0.9960378824717668,0.2971274149854734,1.5219237443711078,-0.22965712254620763,-0.22965712254620763,-0.894622653558348,1.5267981502495989,-0.6488914476572247,-0.299070718186389,-0.37102079154518663,-0.5183758525299678,2.3583213924370545,-0.5705757914845389,-0.5679580783701161,-1.009848494089057
-0.5259824019949383,-0.09636281875617034,-1.6681425511318442,1.4873505664367834,1.6681425511318464,-0.30082885780293794,-1.1340244514281457,0.5833200081880077,1.3938439475519324,0.6948409286708906,2.999620046943962,2.0590624109621225,-0.6809941498446761,-0.3008288578029379,-0.2820706581729024,0.2886254359979149,1.2288369137695085,-0.37727302130186696,-0.9718863975002033,0.19348779397541194,1.631569783763923,1.8962994712438608,1.0086415689108146,0.9960378824717668,1.4591069239108363,1.2572431042686738,-0.22965712254620763,-0.22965712254620763,-1.5912771326810882,1.5267981502495989,-0.6488914476572247,-0.299070718186389,-0.37102079154518663,-0.5183758525299678,-0.42403041553493054,-0.5705757914845389,1.7606933294614382,-1.009848494089057
-0.5259824019949383,-0.09636281875617034,-0.9438746750779679,0.9876579431918889,0.9438746750779698,-0.2712842901665771,-0.8864611633114949,0.5833200081880077,1.3938439475519324,0.6948409286708906,1.6195283126504978,0.28009362318428455,-0.5819583213900906,-0.27128429016657707,-0.2820706581729024,0.2886254359979149,1.2288369137695085,-0.37727302130186696,-0.9718863975002033,-1.3070385817142292,0.1849343572573671,1.2621615234983647,1.0086415689108146,0.9960378824717668,-1.465186348986562,0.26591088880999025,-0.22965712254620763,-0.22965712254620763,0.17616252361184742,1.5267981502495989,-0.6488914476572247,-0.299070718186389,-0.37102079154518663,-0.5183758525299678,-0.42403041553493054,-0.5705757914845389,1.7606933294614382,-1.009848494089057
0.5157731971235766,-0.1443492316636703,-0.509313949445642,0.8626698607552133,0.509313949445644,-0.20283334368573316,-0.6663367777193939,0.5855098941969052,1.090217175568848,1.142783050955675,1.0718943398872753,1.358358337174452,-0.4944171487968743,-0.20283334368573314,-0.2820706581729024,-0.17132564498508923,1.2288369137695085,-0.37727302130186696,-0.9718863975002033,-1.0159008584072708,-0.6830468986465663,1.103544641035015,1.0086415689108146,0.9960378824717668,-0.28773123959400615,0.01794902804992521,-0.22965712254620763,-0.22965712254620763,0.6273985144570207,-0.6549654254143036,1.5410898134201452,-0.299070718186389,-0.37102079154518663,-0.5183758525299678,-0.42403041553493054,-0.5705757914845389,-0.5679580783701161,-1.009848494089057
-0.1787305356221,-0.7657931460162701,-0.3644603742348667,1.2744258624880045,0.36446037423486877,-0.05752303568146577,-0.5770145893138213,-1.0861274244127175,0.5234817186249665,-1.0280133878090487,1.2654165206509773,0.47309409282084514,-0.5850227622058578,-0.05752303568146571,-0.2820706581729024,-0.06400372608905494,-0.813777637044169,-0.37727302130186696,-0.9718863975002033,-0.4555411058743119,-0.9723739839478776,1.626086087044626,1.0086415689108146,0.9960378824717668,0.2971274149854734,0.8348251843867956,-0.22965712254620763,-0.22965712254620763,0.22530507475328748,-0.6549654254143036,-0.6488914476572247,-0.299070718186389,-0.37102079154518663,-0.5183758525299678,-0.42403041553493054,-0.5705757914845389,1.7606933294614382,-1.009848494089057
-0.5259824019949383,0.9530639476479555,0.35980750181900967,-1.3720872735336718,-0.3598075018190076,-0.6975264930245484,0.03189284434613703,0.5833200081880077,1.3938439475519324,0.6948409286708906,-0.9731581431187343,-1.148367760942781,-0.17681175043951358,-0.6975264930245484,-0.2820706581729024,0.27329373329848144,1.2288369137695085,-0.37727302130186696,1.3228241270556051,-0.34216890291696067,1.0052384279170754,-0.5991794810563961,-0.9225176378637637,-0.7523008910178586,0.3166545061131217,0.3546492793305614,-0.22965712254620763,-0.22965712254620763,1.3394168495179208,1.5267981502495989,-0.6488914476572247,-0.299070718186389,-0.37102079154518663,1.9291022047408906,2.3583213924370545,-0.5705757914845389,-0.5679580783701161,0.9902475528292576
-1.5677380011134532,0.056375661282463234,-0.509313949445642,0.022276934672127723,0.509313949445644,-0.4065639437552481,-0.6663367777193939,-0.4571373949611871,-0.10461852581035876,-0.5456141791946658,0.34618359230554263,-0.3696268493143782,-0.5689860579135537,-0.4065639437552482,-0.2820706581729024,-1.3058716447431662,-0.813777637044169,-0.37727302130186696,-0.9718863975002033,-0.12073537813981558,-0.6830468986465663,0.03703891200211161,1.0086415689108146,0.9960378824717668,-0.28773123959400615,-1.64929307742629,-0.22965712254620763,-0.22965712254620763,0.15436821039990495,1.5267981502495989,-0.6488914476572247,-0.299070718186389,-0.37102079154518663,-0.5183758525299678,-0.42403041553493054,-0.5705757914845389,-0.5679580783701161,-1.009848494089057
0.5157731971235766,0.09097738504666172,1.5186361035052118,1.2993576866615482,-1.5186361035052098,3.3279094417049064,1.9284598832635298,0.5855098941969052,1.090217175568848,1.142783050955675,-0.8384712878149572,1.8481908801088376,2.224944320578463,3.327909441704906,-0.2820706581729024,0.5186009764894169,1.2288369137695085,2.650600343881656,0.5579206188703356,-0.25493320899779187,-1.4102792333924048,0.43453578896349987,-1.060163215128533,-1.2164616273425377,0.9462713719712558,-0.0796916315284274,-0.22965712254620763,-0.22965712254620763,-1.496597694472155,-0.6549654254143036,1.5410898134201452,3.34369077007657,-0.37102079154518663,-0.5183758525299678,-0.42403041553493054,-0.5705757914845389,1.7606933294614382,0.9902475528292576
-1.5677380011134532,0.11035608163569983,0.2149539266082344,-0.0472897802787744,-0.21495392660823234,-0.2536600129937492,-0.11537454762361488,-0.4571373949611871,-0.10461852581035876,-0.5456141791946658,-0.16744039831833724,0.3376570066295909,-0.3572563055179435,-0.2536600129937492,-0.2820706581729024,-0.8612522664595954,-0.813777637044169,-0.37727302130186696,1.3228241270556051,0.12693275323807018,1.2945655132183866,1.0820627956367923,-0.9225176378637637,-0.7523008910178586,0.9032833905598656,1.3752800091904294,-0.22965712254620763,-0.22965712254620763,-0.5725611205826021,1.5267981502495989,-0.6488914476572247,-0.299070718186389,-0.37102079154518663,-0.5183758525299678,-0.42403041553493054,-0.5705757914845389,-0.5679580783701161,0.9902475528292576
0.5157731971235766,1.3241919888070277,-0.21960679902409144,-1.3717756257315026,0.2196067990240935,-0.7329999185303042,-0.47829830434910886,0.5855098941969052,1.090217175568848,1.142783050955675,-0.8960852964638005,-1.3078517369390212,-0.4167211068147219,-0.7329999185303041,-0.2820706581729024,0.5952594899865843,1.2288369137695085,-0.37727302130186696,-0.9718863975002033,2.346017472706639,-1.2617010692491886,-1.7320919267984876,1.0086415689108146,0.9960378824717668,0.8819860695649533,0.9984525214893526,-0.22965712254620763,-0.22965712254620763,-0.5084239973092062,-0.6549654254143036,1.5410898134201452,-0.299070718186389,-0.37102079154518663,-0.5183758525299678,2.3583213924370545,-0.5705757914845389,-0.5679580783701161,-1.009848494089057
-0.1787305356221,-1.1438360998383015,-0.7990210998671926,-0.46673309446507477,0.7990210998671946,-0.5572966782645926,-0.8202896586294814,-1.0861274244127175,0.5234817186249665,-1.0280133878090487,0.060049714656246145,-0.6987402505348711,-0.6627250834885673,-0.5572966782645925,-0.2820706581729024,-0.0026769152913210547,-0.813777637044169,-0.37727302130186696,-0.9718863975002033,0.6052974707086419,-0.10439272804394405,-0.5835422250383162,1.0086415689108146,0.9960378824717668,-1.4574485487529656,-0.7970469032939804,-0.22965712254620763,-0.22965712254620763,0.8264447749370744,-0.6549654254143036,-0.6488914476572247,-0.299070718186389,-0.37102079154518663,-0.5183758525299678,-0.42403041553493054,1.7526155419215637,-0.5679580783701161,-1.009848494089057
0.16852133075073827,1.100515116635426,1.6634896787159872,0.2321890431999369,-1.6634896787159852,3.208297444536011,2.290679218724301,1.9855863064236718,0.22666887398980756,-1.165841733127444,-1.0594576785208896,0.651148280440028,4.727105683174306,3.2082974445360106,-0.2820706581729024,2.5883808409129356,1.2288369137695085,2.650600343881656,0.5579206188703356,0.21470689876985888,-1.699606318693716,-0.9197610366901204,-1.060163215128533,-1.2164616273425377,1.5286755727664076,0.975056782936531,4.354317379374105,4.354317379374105,-2.707225640084431,-0.6549654254143036,1.5410898134201452,3.34369077007657,-0.37102079154518663,-0.5183758525299678,-0.42403041553493054,-0.5705757914845389,-0.5679580783701161,0.9902475528292576
-0.8732342683677765,0.23292487685564336,-1.523288975921069,-1.6480860298881592,1.523288975921071,-0.8171493013069102,-1.0938894050391865,-0.5498809415752223,-1.4784654845253369,0.5570125833524955,-1.0660436317607533,-1.4938140924863177,-0.7218951954789868,-0.8171493013069102,-0.2820706581729024,-0.0026769152913210547,-0.813777637044169,-0.37727302130186696,-0.9718863975002033,2.8191350634192864,1.342242698462612,-2.08274531746653,1.0086415689108146,0.9960378824717668,0.8742482693313568,1.5466203197813426,-0.22965712254620763,-0.22965712254620763,-1.6330708654774333,-0.6549654254143036,-0.6488914476572247,-0.299070718186389,-0.37102079154518663,-0.5183758525299678,2.3583213924370545,-0.5705757914845389,-0.5679580783701161,-1.009848494089057
0.8630250634964148,-1.0727252787461248,0.2149539266082344,1.6651456375743678,-0.21495392660823234,0.33444618068226856,-0.11537454762361488,-0.8789202740611846,-0.2247978752861946,-0.23550040222827667,0.8492016565286769,2.2584950643358916,-0.3999906447967282,0.33444618068226867,-0.2820706581729024,0.47260586839111657,-0.813777637044169,-0.37727302130186696,0.5579206188703356,0.0885422878221023,1.1936645343193955,0.8987412018743168,-1.060163215128533,-1.2164616273425377,0.7878728828661067,1.3982572456552174,-0.22965712254620763,-0.22965712254620763,-0.32023346530874,-0.6549654254143036,-0.6488914476572247,-0.299070718186389,-0.37102079154518663,-0.5183758525299678,-0.42403041553493054,-0.5705757914845389,1.7606933294614382,0.9902475528292576
0.16852133075073827,1.100515116635426,-0.9438746750779679,1.1259083709875468,0.9438746750779698,-0.2427964656270972,-0.8864611633114949,1.9855863064236718,0.22666887398980756,-1.165841733127444,1.7612973103499798,0.37313888974516946,-0.4967131489792857,-0.24279646562709717,-0.2820706581729024,2.5883808409129356,1.2288369137695085,-0.37727302130186696,-0.9718863975002033,-1.078972314413756,0.1849343572573671,1.4376090656052836,1.0086415689108146,0.9960378824717668,-1.465186348986562,0.5401837047358967,-0.22965712254620763,-0.22965712254620763,-0.9522977099143749,-0.6549654254143036,1.5410898134201452,-0.299070718186389,-0.37102079154518663,-0.5183758525299678,-0.42403041553493054,-0.5705757914845389,1.7606933294614382,-1.009848494089057
1.210276929869253,0.8176407808949608,-1.0887282502887432,-1.1545051663191406,1.0887282502887452,-0.7183249131110938,-0.9463356167555222,1.3062849468768782,0.8832839036436678,-1.3381271647754378,-0.5462018583817579,-0.9043060066387439,-0.5636813638274648,-0.7183249131110938,-0.2820706581729024,0.04331819280697936,1.2288369137695085,-0.37727302130186696,-0.9718863975002033,1.8270690421118374,0.47426144255867825,-1.456363535327013,1.0086415689108146,0.9960378824717668,-0.8803276944070824,0.5674131267424269,-0.22965712254620763,-0.22965712254620763,-0.6131950302758349,-0.6549654254143036,1.5410898134201452,-0.299070718186389,-0.37102079154518663,-0.5183758525299678,-0.42403041553493054,1.7526155419215637,-0.5679580783701161,-1.009848494089057
-1.5677380011134532,0.45874108347391496,-1.0887282502887432,1.70533089028742,1.0887282502887452,-0.15709005084462097,-0.9463356167555222,-0.4571373949611871,-0.10461852581035876,-0.5456141791946658,2.540767489804954,0.7631016813201944,-0.6657768018658325,-0.15709005084462088,-0.2820706581729024,-1.3212033474425997,-0.813777637044169,-0.37727302130186696,-0.9718863975002033,-0.035213186975817275,0.47426144255867825,2.172928720476936,1.0086415689108146,0.9960378824717668,-0.8803276944070824,1.6896907877385754,-0.22965712254620763,-0.22965712254620763,0.2120010342657004,1.5267981502495989,-0.6488914476572247,-0.299070718186389,-0.37102079154518663,-0.5183758525299678,-0.42403041553493054,-0.5705757914845389,1.7606933294614382,-1.009848494089057
1.210276929869253,0.8132593045310037,0.9392218026621107,0.5861863189306847,-0.9392218026621088,0.5315886880747205,0.7930086004876741,1.3062849468768782,0.8832839036436678,-1.3381271647754378,-0.41585455569516694,1.048226869482786,0.46323083584364194,0.5315886880747206,-0.2820706581729024,-0.04867202338962147,1.2288369137695085,-0.37727302130186696,0.5579206188703356,-1.0676237235247044,-0.25297089218716035,-0.4705186514780899,-1.060163215128533,-1.2164616273425377,-1.383345431209353,-0.45525243005617017,-0.22965712254620763,-0.22965712254620763,1.2033136127689184,-0.6549654254143036,1.5410898134201452,-0.299070718186389,-0.37102079154518663,1.9291022047408906,-0.42403041553493054,-0.5705757914845389,-0.5679580783701161,0.9902475528292576
0.16852133075073827,1.100515116635426,0.9392218026621107,1.0758196436722258,-0.9392218026621088,0.8198562175412174,0.7930086004876741,1.9855863064236718,0.22666887398980756,-1.165841733127444,-0.2572982921111566,1.5974483552564922,0.581217721147646,0.8198562175412173,-0.2820706581729024,2.5883808409129356,1.2288369137695085,-0.37727302130186696,0.5579206188703356,-1.2782381877949203,-0.25297089218716035,0.15085348262130455,-1.060163215128533,-1.2164616273425377,-1.383345431209353,-0.9828864984436562,-0.22965712254620763,-0.22965712254620763,-0.2849756316328261,-0.6549654254143036,1.5410898134201452,-0.299070718186389,-0.37102079154518663,1.9291022047408906,-0.42403041553493054,-0.5705757914845389,1.7606933294614382,0.9902475528292576
0.5157731971235766,-0.1443492316636703,-0.9438746750779679,-1.5629369248287923,0.9438746750779698,-0.7968587873310135,-0.8864611633114949,0.5855098941969052,1.090217175568848,1.142783050955675,-0.9959809754017133,-1.436507064189958,-0.5818251960267959,-0.7968587873310135,-0.2820706581729024,-0.17132564498508923,1.2288369137695085,-0.37727302130186696,-0.9718863975002033,2.5207051099821722,0.1849343572573671,-1.9746863303554683,1.0086415689108146,0.9960378824717668,-1.465186348986562,1.3776943700351174,-0.22965712254620763,-0.22965712254620763,-0.3335173857416107,-0.6549654254143036,1.5410898134201452,-0.299070718186389,-0.37102079154518663,-0.5183758525299678,2.3583213924370545,-0.5705757914845389,-0.5679580783701161,-1.009848494089057
0.8630250634964148,-1.1564019916480004,-0.3644603742348667,-1.590864030656519,0.36446037423486877,-0.7955485614622441,-0.5770145893138213,-0.8789202740611846,-0.2247978752861946,-0.23550040222827667,-1.0542257329774731,-1.45530255761046,-0.5692773495133007,-0.7955485614622441,-0.2820706581729024,-0.09466713148792189,-0.813777637044169,-0.37727302130186696,-0.9718863975002033,2.656307133927411,-0.9723739839478776,-2.0101273930252814,1.0086415689108146,0.9960378824717668,0.2971274149854734,1.4330985093073139,-0.22965712254620763,-0.22965712254620763,0.03960397273787052,-0.6549654254143036,-0.6488914476572247,-0.299070718186389,-0.37102079154518663,-0.5183758525299678,2.3583213924370545,-0.5705757914845389,-0.5679580783701161,-1.009848494089057
0.8630250634964148,-1.0727252787461248,1.5186361035052118,0.570621242589007,-1.5186361035052098,2.3268219569487303,1.9284598832635298,-0.8789202740611846,-0.2247978752861946,-0.23550040222827667,-0.9171326873228661,1.0307675301719461,1.6314498118021417,2.32682195694873,-0.2820706581729024,0.47260586839111657,-0.813777637044169,2.650600343881656,0.5579206188703356,-0.3180336465916044,-1.4102792333924048,-0.4902716058117305,-1.060163215128533,-1.2164616273425377,0.9462713719712558,-0.3923624768878028,-0.22965712254620763,-0.22965712254620763,0.48504065537342517,-0.6549654254143036,-0.6488914476572247,3.34369077007657,-0.37102079154518663,-0.5183758525299678,-0.42403041553493054,-0.5705757914845389,-0.5679580783701161,0.9902475528292576
1.5575287962420914,-1.5707732776548138,0.2149539266082344,-1.0001009941110406,-0.21495392660823234,-0.5808864709475499,-0.11537454762361488,-1.135429227007713,-0.49087303017412964,1.7974676912180518,-0.7331072492913913,-0.7311109143427782,-0.42597970496591514,-0.5808864709475499,-0.2820706581729024,-0.7385986448641277,-0.813777637044169,-0.37727302130186696,1.3228241270556051,-0.4695959667560941,1.2945655132183866,-0.12710804183696575,-0.9225176378637637,-0.7523008910178586,0.9032833905598656,-1.090396732605382,-0.22965712254620763,-0.22965712254620763,0.531512251293525,-0.6549654254143036,-0.6488914476572247,-0.299070718186389,-0.37102079154518663,-0.5183758525299678,-0.42403041553493054,1.7526155419215637,-0.5679580783701161,0.9902475528292576
0.8630250634964148,-1.1564019916480004,0.6495146522405603,-0.8413856939729322,-0.6495146522405582,-0.4248803017760155,0.37452128187086353,-0.8789202740611846,-0.2247978752861946,-0.23550040222827667,-0.782436487590542,-0.5530800317371358,-0.1742750385079648,-0.42488030177601543,-0.2820706581729024,-0.09466713148792189,-0.813777637044169,-0.37727302130186696,1.3228241270556051,-1.268838757816571,0.4265842573144531,0.074310570372693,-0.9225176378637637,-0.7523008910178586,-0.8566032627803665,-1.7069541815891751,-0.22965712254620763,-0.22965712254620763,1.3133358458076836,-0.6549654254143036,-0.6488914476572247,-0.299070718186389,-0.37102079154518663,1.9291022047408906,-0.42403041553493054,1.7526155419215637,-0.5679580783701161,0.9902475528292576
-0.8732342683677765,-0.33502143141556945,-1.3784354007102937,1.7262978618666989,1.3784354007102957,-0.21192295737948405,-1.0495333189744915,-0.5498809415752223,-1.4784654845253369,0.5570125833524955,2.9362648213958953,0.7772128670190339,-0.7064498794709856,-0.2119229573794841,-0.2820706581729024,0.22729862520018101,-0.813777637044169,-0.37727302130186696,-0.9718863975002033,0.18954674578925296,1.0529156131613007,2.199536982654955,1.0086415689108146,0.9960378824717668,0.28938961475187724,1.7312868278245206,-0.22965712254620763,-0.22965712254620763,-0.6987839191277452,-0.6549654254143036,-0.6488914476572247,-0.299070718186389,-0.37102079154518663,-0.5183758525299678,-0.42403041553493054,-0.5705757914845389,1.7606933294614382,-1.009848494089057
0.8630250634964148,-1.0727252787461248,-1.6681425511318442,-0.7999365362844155,1.6681425511318464,-0.6778827863451159,-1.1340244514281457,-0.8789202740611846,-0.2247978752861946,-0.23550040222827667,0.03688300740274082,-0.5065865297236191,-0.752106990607199,-0.6778827863451158,-0.2820706581729024,0.47260586839111657,-0.813777637044169,-0.37727302130186696,-0.9718863975002033,1.51617180369361,1.631569783763923,-1.0063960694775966,1.0086415689108146,0.9960378824717668,1.4591069239108363,-0.13600991613129154,-0.22965712254620763,-0.22965712254620763,-0.49626818705920267,-0.6549654254143036,-0.6488914476572247,-0.299070718186389,-0.37102079154518663,-0.5183758525299678,-0.42403041553493054,1.7526155419215637,-0.5679580783701161,-1.009848494089057
0.16852133075073827,1.100515116635426,-0.3644603742348667,-0.9596733486629678,0.36446037423486877,-0.6329699560440725,-0.5770145893138213,1.9855863064236718,0.22666887398980756,-1.165841733127444,-0.5432350023181133,-1.0304987707922229,-0.3516070703083526,-0.6329699560440725,-0.2820706581729024,2.5883808409129356,1.2288369137695085,-0.37727302130186696,-0.9718863975002033,1.5838984131825071,-0.9723739839478776,-1.2091110379783396,1.0086415689108146,0.9960378824717668,0.2971274149854734,0.18088939504371349,-0.22965712254620763,-0.22965712254620763,-1.700956508973908,-0.6549654254143036,1.5410898134201452,-0.299070718186389,-0.37102079154518663,-0.5183758525299678,-0.42403041553493054,1.7526155419215637,-0.5679580783701161,-1.009848494089057
1.5575287962420914,-0.4277777519172382,-1.3784354007102937,-1.0405632670926879,1.3784354007102957,-0.7076953323413059,-1.0495333189744915,-1.135429227007713,-0.49087303017412964,1.7974676912180518,-0.3490063827562647,-1.0849392824230877,-0.7374029808645296,-0.7076953323413057,-0.2820706581729024,-1.0758961042516642,-0.813777637044169,-0.37727302130186696,-0.9718863975002033,1.7282070987320164,1.0529156131613007,-1.3117648785197955,1.0086415689108146,0.9960378824717668,0.28938961475187724,0.34136561245208347,-0.22965712254620763,-0.22965712254620763,0.14187980265576364,-0.6549654254143036,-0.6488914476572247,-0.299070718186389,-0.37102079154518663,-0.5183758525299678,-0.42403041553493054,1.7526155419215637,-0.5679580783701161,-1.009848494089057
0.16852133075073827,1.100515116635426,-1.0887282502887432,-0.05736639254891503,1.0887282502887452,-0.5030144839829352,-0.9463356167555222,1.9855863064236718,0.22666887398980756,-1.165841733127444,0.6380736379397371,-0.423228380457781,-0.5243524020594634,-0.5030144839829352,-0.2820706581729024,2.5883808409129356,1.2288369137695085,-0.37727302130186696,-0.9718863975002033,-0.06263252240448282,0.47426144255867825,-0.06403293442141082,1.0086415689108146,0.9960378824717668,-0.8803276944070824,-1.6091829658803467,-0.22965712254620763,-0.22965712254620763,-0.803005424971227,-0.6549654254143036,1.5410898134201452,-0.299070718186389,-0.37102079154518663,-0.5183758525299678,-0.42403041553493054,-0.5705757914845389,-0.5679580783701161,-1.009848494089057
0.16852133075073827,1.100515116635426,0.9392218026621107,0.866219182946586,-0.9392218026621088,0.6964556973247603,0.7930086004876741,1.9855863064236718,0.22666887398980756,-1.165841733127444,-0.3251724833045099,0.1983629406973657,0.581217721147646,0.69645569732476,-0.2820706581729024,2.5883808409129356,1.2288369137695085,-0.37727302130186696,0.5579206188703356,-1.4521080480184954,-0.25297089218716035,-0.1151412505967743,-1.060163215128533,-1.2164616273425377,-1.383345431209353,-1.586711943454583,-0.22965712254620763,-0.22965712254620763,0.6736335162943484,-0.6549654254143036,1.5410898134201452,-0.299070718186389,-0.37102079154518663,1.9291022047408906,-0.42403041553493054,-0.5705757914845389,-0.5679580783701161,0.9902475528292576
-1.2204861347406148,-1.0386390285573361,-0.3644603742348667,-1.4547431961756845,0.36446037423486877,-0.7604873096573926,-0.5770145893138213,-0.2452834608306776,-1.7877719485277106,-0.1665862295690791,-0.9440268871237347,-1.3636905493823226,-0.5211280790630046,-0.7604873096573925,-0.2820706581729024,-1.566510590633535,-0.813777637044169,-0.37727302130186696,-0.9718863975002033,2.423645233825098,-0.9723739839478776,-1.8373824242031658,1.0086415689108146,0.9960378824717668,0.2971274149854734,1.1630505595503347,-0.22965712254620763,-0.22965712254620763,-0.6533983163685974,1.5267981502495989,-0.6488914476572247,-0.299070718186389,-0.37102079154518663,-0.5183758525299678,2.3583213924370545,-0.5705757914845389,-0.5679580783701161,-1.009848494089057
1.5575287962420914,-0.8315647851088941,0.5046610770297849,-1.580579653184932,-0.5046610770297829,-0.7701155521715969,0.19464848313195388,-1.135429227007713,-0.49087303017412964,1.7974676912180518,-1.0936405325883498,-1.4483809685888989,-0.29574815322649456,-0.7701155521715969,-0.2820706581729024,-1.0452326988527971,-0.813777637044169,-0.37727302130186696,1.3228241270556051,-0.17859869217293212,0.7159113426157643,-0.8637679972807565,-0.9225176378637637,-0.7523008910178586,-0.26997437833362253,1.1645745330300086,-0.22965712254620763,-0.22965712254620763,0.7479235899425625,-0.6549654254143036,-0.6488914476572247,-0.299070718186389,-0.37102079154518663,1.9291022047408906,2.3583213924370545,-0.5705757914845389,-0.5679580783701161,0.9902475528292576
0.16852133075073827,1.100515116635426,-1.6681425511318442,0.5771831602013495,1.6681425511318464,-0.4508678256893169,-1.1340244514281457,1.9855863064236718,0.22666887398980756,-1.165841733127444,1.8206746126656255,0.003835992673895082,-0.6127980119160321,-0.4508678256893169,-0.2820706581729024,2.5883808409129356,1.2288369137695085,-0.37727302130186696,-0.9718863975002033,-0.17100939744000904,1.631569783763923,0.7412460158877408,1.0086415689108146,0.9960378824717668,1.4591069239108363,-0.5484234781244358,4.354317379374105,4.354317379374105,-1.8296978992745476,-0.6549654254143036,1.5410898134201452,-0.299070718186389,-0.37102079154518663,-0.5183758525299678,-0.42403041553493054,-0.5705757914845389,-0.5679580783701161,-1.009848494089057
-1.2204861347406148,0.5851942894967763,-0.9438746750779679,-0.2935607990596683,0.9438746750779698,-0.5352916810146064,-0.8864611633114949,-0.2452834608306776,-1.7877719485277106,-0.1665862295690791,0.30570165895460855,-0.5821918778182811,-0.6323299559830073,-0.5352916810146064,-0.2820706581729024,-0.9839058880550632,-0.813777637044169,-0.37727302130186696,-0.9718863975002033,0.3050617880452618,0.1849343572573671,-0.3637768754887354,1.0086415689108146,0.9960378824717668,-1.465186348986562,-1.1406006546892111,-0.22965712254620763,-0.22965712254620763,0.21839679542370943,1.5267981502495989,-0.6488914476572247,-0.299070718186389,-0.37102079154518663,-0.5183758525299678,-0.42403041553493054,-0.5705757914845389,-0.5679580783701161,-1.009848494089057
-1.2204861347406148,1.012827135395879,-0.509313949445642,0.7797715453781802,0.509313949445644,-0.22292980453438752,-0.6663367777193939,-0.2452834608306776,-1.7877719485277106,-0.1665862295690791,1.0003085416750885,1.2653713331474188,-0.5538345134512407,-0.22292980453438757,-0.2820706581729024,-0.7539303475635611,-0.813777637044169,-0.37727302130186696,-0.9718863975002033,-1.0180731884849248,-0.6830468986465663,0.9983420321924442,1.0086415689108146,0.9960378824717668,-0.28773123959400615,-0.14651161598930337,-0.22965712254620763,-0.22965712254620763,-0.12840374133079602,1.5267981502495989,-0.6488914476572247,-0.299070718186389,-0.37102079154518663,-0.5183758525299678,-0.42403041553493054,-0.5705757914845389,-0.5679580783701161,-1.009848494089057
1.5575287962420914,-0.4277777519172382,-1.0887282502887432,-0.052449282781354994,1.0887282502887452,-0.5020495148838253,-0.9463356167555222,-1.135429227007713,-0.49087303017412964,1.7974676912180518,0.6433812733543834,0.33186959493367285,-0.705047315836102,-0.5020495148838252,-0.2820706581729024,-1.0758961042516642,-0.813777637044169,-0.37727302130186696,-0.9718863975002033,-0.0709503599344047,0.47426144255867825,-0.05779284651178466,1.0086415689108146,0.9960378824717668,-0.8803276944070824,-1.6189379414248624,-0.22965712254620763,-0.22965712254620763,0.565651298204165,-0.6549654254143036,-0.6488914476572247,-0.299070718186389,-0.37102079154518663,-0.5183758525299678,-0.42403041553493054,-0.5705757914845389,-0.5679580783701161,-1.009848494089057
1.210276929869253,0.8176407808949608,0.2149539266082344,-0.616358667039912,-0.21495392660823234,-0.4490968355701688,-0.11537454762361488,1.3062849468768782,0.8832839036436678,-1.3381271647754378,-0.5052863435462471,-0.7994412140438463,-0.1785892889507998,-0.4490968355701687,-0.2820706581729024,0.04331819280697936,1.2288369137695085,-0.37727302130186696,1.3228241270556051,-0.45335240707773466,1.2945655132183866,0.3598824808001976,-0.9225176378637637,-0.7523008910178586,0.9032833905598656,-0.8353679926857905,-0.22965712254620763,-0.22965712254620763,0.44103862949559636,-0.6549654254143036,1.5410898134201452,-0.299070718186389,-0.37102079154518663,-0.5183758525299678,-0.42403041553493054,1.7526155419215637,-0.5679580783701161,0.9902475528292576
0.5157731971235766,1.3241919888070277,-0.3644603742348667,-0.2846615229310562,0.36446037423486877,-0.45910414275028666,-0.5770145893138213,0.5855098941969052,1.090217175568848,1.142783050955675,0.0032318513195997373,0.07139722692812304,-0.4579971291177404,-0.4591041427502866,-0.2820706581729024,0.5952594899865843,1.2288369137695085,-0.37727302130186696,-0.9718863975002033,0.4723117308264988,-0.9723739839478776,-0.35248319525793315,1.0086415689108146,0.9960378824717668,0.2971274149854734,-1.158255786484567,-0.22965712254620763,-0.22965712254620763,0.2787523068413997,-0.6549654254143036,1.5410898134201452,-0.299070718186389,-0.37102079154518663,-0.5183758525299678,-0.42403041553493054,-0.5705757914845389,-0.5679580783701161,-1.009848494089057
-0.8732342683677765,-0.33502143141556945,-1.523288975921069,0.1857188931431372,1.523288975921071,-0.5022550804841639,-1.0938894050391865,-0.5498809415752223,-1.4784654845253369,0.5570125833524955,1.2103227043812363,-0.25962718540269963,-0.7218951954789868,-0.5022550804841639,-0.2820706581729024,0.22729862520018101,-0.813777637044169,-0.37727302130186696,-0.9718863975002033,-0.0436009311267005,1.342242698462612,0.24445591857560112,1.0086415689108146,0.9960378824717668,0.8742482693313568,-1.3250431860874599,-0.22965712254620763,-0.22965712254620763,0.4677487443362221,-0.6549654254143036,-0.6488914476572247,-0.299070718186389,-0.37102079154518663,-0.5183758525299678,-0.42403041553493054,-0.5705757914845389,-0.5679580783701161,-1.009848494089057
0.5157731971235766,-0.1443492316636703,-1.0887282502887432,0.31657634252066785,1.0887282502887452,-0.42962926355132985,-0.9463356167555222,0.5855098941969052,1.090217175568848,1.142783050955675,1.041715573452167,-0.17155753923273495,-0.6054114944856637,-0.42962926355132985,-0.2820706581729024,-0.17132564498508923,1.2288369137695085,-0.37727302130186696,-0.9718863975002033,-0.6812169267597596,0.47426144255867825,0.4105213566775539,1.0086415689108146,0.9960378824717668,-0.8803276944070824,-1.0654371819837651,-0.22965712254620763,-0.22965712254620763,0.3466854361469919,-0.6549654254143036,1.5410898134201452,-0.299070718186389,-0.37102079154518663,-0.5183758525299678,-0.42403041553493054,-0.5705757914845389,-0.5679580783701161,-1.009848494089057
0.8630250634964148,0.2277412174857899,-1.6681425511318442,-1.3655253559213294,1.6681425511318464,-0.7711187802568193,-1.1340244514281457,-0.8789202740611846,-0.2247978752861946,-0.23550040222827667,-0.6957276662180321,-1.303645181994941,-0.752106990607199,-0.7711187802568195,-0.2820706581729024,-0.04867202338962147,-0.813777637044169,-0.37727302130186696,-0.9718863975002033,2.4248080023408547,1.631569783763923,-1.7241599840682937,1.0086415689108146,0.9960378824717668,1.4591069239108363,0.9860527110260773,-0.22965712254620763,-0.22965712254620763,-0.34294235536328266,-0.6549654254143036,-0.6488914476572247,-0.299070718186389,-0.37102079154518663,-0.5183758525299678,2.3583213924370545,-0.5705757914845389,-0.5679580783701161,-1.009848494089057
-0.8732342683677765,0.23292487685564336,-0.3644603742348667,-0.14175369186964598,0.36446037423486877,-0.42229473389792793,-0.5770145893138213,-0.5498809415752223,-1.4784654845253369,0.5570125833524955,0.11892522115892266,-0.4800226984562474,-0.5442740613869713,-0.42229473389792793,-0.2820706581729024,-0.0026769152913210547,-0.813777637044169,-0.37727302130186696,-0.9718863975002033,0.24761198769049386,-0.9723739839478776,-0.1711251473492909,1.0086415689108146,0.9960378824717668,0.2971274149854734,-1.4417683503734124,-0.22965712254620763,-0.22965712254620763,0.6823273119564994,-0.6549654254143036,-0.6488914476572247,-0.299070718186389,-0.37102079154518663,-0.5183758525299678,-0.42403041553493054,-0.5705757914845389,-0.5679580783701161,-1.009848494089057
0.8630250634964148,0.2277412174857899,1.3737825282944367,0.8513466572763956,-1.3737825282944345,1.8266290352026249,1.6007102750025042,-0.8789202740611846,-0.2247978752861946,-0.23550040222827667,-0.7476200812676009,0.18835343738167382,0.9543029929358517,1.826629035202625,-0.2820706581729024,-0.04867202338962147,-0.813777637044169,2.650600343881656,0.5579206188703356,-0.6970468232840277,-1.1209521480910938,-0.13401531930934077,-1.060163215128533,-1.2164616273425377,0.36386717117610345,-1.526620208447211,-0.22965712254620763,-0.22965712254620763,0.528733604903947,-0.6549654254143036,-0.6488914476572247,-0.299070718186389,2.6952667418861083,-0.5183758525299678,-0.42403041553493054,-0.5705757914845389,-0.5679580783701161,0.9902475528292576
0.16852133075073827,1.100515116635426,-0.509313949445642,0.5949817124585738,0.509313949445644,-0.2677271158622257,-0.6663367777193939,1.9855863064236718,0.22666887398980756,-1.165841733127444,0.8407356042651741,0.015814769633768475,-0.39428532874097993,-0.2677271158622257,-0.2820706581729024,2.5883808409129356,1.2288369137695085,-0.37727302130186696,-0.9718863975002033,-0.9105746775688099,-0.6830468986465663,0.7638333763493453,1.0086415689108146,0.9960378824717668,-0.28773123959400615,-0.5131132145337244,-0.22965712254620763,-0.22965712254620763,-1.5429849512471716,-0.6549654254143036,1.5410898134201452,-0.299070718186389,-0.37102079154518663,-0.5183758525299678,-0.42403041553493054,-0.5705757914845389,-0.5679580783701161,-1.009848494089057
